Date,Company,Mail,
17/05/2023,Bluecouh AI Inc,asgari@bluecouch.ai,
17/05/2023,ADVENT INFRATECH LIMITED,jobsatadventinfratech@gmail.com,
17/05/2023,Abbey Cedar Products Ltd.,hr@abbeycedarproducts.com,
18/05/2023,COS Educational Consulting Inc.,recruitment@cosvancouver.com,
21/05/2023,The CompDoc,jobs@thecompdoc.ca,
21/05/2023,Insta Software Solution Inc ,jobs.instasoftware47@gmail.com,
25/05/2023,Inforockets Inc.,assavbayev@gmail.com,
30/05/2023,MyLegacy Web Services,info@mylegacywebservices.com,
31/05/2023,AVN IT Consulting And Services Inc.,nehakhatri4083@gmail.com,
02/06/2023,Volkswagen,https://www.vwds.pt/job/junior-program/,Junior Engineering
05/06/2023,My Canada Payday,westrockfinancialbc@gmail.com,
05/06/2023,Employer detailsPower Grid Innovations Inc.,hr@powergridinnovations.com,
06/06/2023,ENERGEX POWER SAVER SYSTEMS INC. ,jobs.energex@outlook.com,
06/06/2023,Acloudedge Technologies Inc,acloudedgetechnologiesinc@gmail.com,
06/06/2023,Cardiai Inc,careers.cardiaiinc@outlook.com,
07/06/2023,Yukt Marketing INC ,yuktsoftware@gmail.com,
09/06/2023,Evo In Motion Technology,hiring@eimtechnology.com,
09/06/2023,APS Tech Corp,jobsatapstech@gmail.com,
13/06/2023,ACTRONICS TECHNOLOGY SOLUTION INC,info@actronicstechnology.com,
13/06/2023,Insta Software Solution Inc ,instasoftware44@gmail.com,
13/06/2023,Glora Networking,gloranetworking@gmail.com,
17/06/2023,Canadian Systems Inc.,admin@canadiansystems.net,
17/06/2023,Fleetex Transport Ltd.,fleetexjobs@gmail.com,
17/06/2023,6D Design Inc.,hiring6ddesign@gmail.com,
17/06/2023,Janvi Alberta Ltd.,info@janvi.ca,
17/06/2023,Next Gen Com Tech Inc.,jobs.nextgen@outlook.com,
27/06/2023, Berry Tech Inc.,info@berry-tech.ca,
27/06/2023,Edgetch HVAC Services Ltd. ,hr.edgetch@gmail.com,
27/06/2023,Veda Web and IT Solutions Inc. ,vedawebanditsolutions@gmail.com,
28/06/2023,EARLY MAN CONSULTING INC.,ysrinath@earlyman.ca,
29/06/2023,Linear Algo Solutions Inc.,info@linearalgo.com,
29/06/2023,IT WebLand Ontario Corporation,info@itwebland.com,
03/07/2023,Devforce,devforcecanada@gmail.com,
05/07/2023,PCFIX Solutions Ltd.,jobsatpcfixsolutionsltd@gmail.com,